Director,Project
James Smith,Cloud Integration Initiative
James Smith,Mobile App Redesign
James Smith,Data Analytics Platform
James Smith,AI Algorithm Development
James Smith,Cybersecurity Enhancement
Emily Johnson,Virtual Reality Interface
Emily Johnson,E-commerce Optimization
Emily Johnson,Supply Chain Management System
Emily Johnson,CRM Software Upgrade
Emily Johnson,Payment Gateway Integration
Michael Williams,Blockchain Ledger Project
Michael Williams,IoT Connectivity Solution
Michael Williams,User Experience Research
Michael Williams,Database Migration Plan
Michael Williams,DevOps Automation Process
Jennifer Brown,Social Media Analytics Tool
Jennifer Brown,Healthcare Data Compliance
Jennifer Brown,Enterprise Resource Planning
Jennifer Brown,Cloud Storage Expansion
Jennifer Brown,Machine Learning Insights
Christopher Jones,Fintech Regulatory Solution
Christopher Jones,Virtual Assistant Enhancement
Christopher Jones,Network Infrastructure Revamp
Christopher Jones,Online Collaboration Platform
Christopher Jones,Content Management System
Amanda Garcia,Green IT Sustainability
Amanda Garcia,Remote Workforce Technology
Amanda Garcia,AR for Education
Amanda Garcia,Software Localization Project
Amanda Garcia,Data Center Optimization
David Miller,Gaming Platform Development
David Miller,Telemedicine Application
David Miller,Smart City Connectivity
David Miller,Streaming Service Enhancement
David Miller,Retail Customer Profiling
Sarah Davis,Self-Driving Car Software
Sarah Davis,Cloud Gaming Service
Sarah Davis,Personal Finance Management App
Sarah Davis,B2B E-commerce Framework
Sarah Davis,Privacy Compliance Audit
Kevin Rodriguez,3D Printing Software
Kevin Rodriguez,Renewable Energy Analytics
Kevin Rodriguez,Pharmaceutical Research Database
Kevin Rodriguez,Disaster Recovery Planning
Kevin Rodriguez,Digital Marketing Strategy
Elizabeth Martinez,Smart Home Integration
Elizabeth Martinez,Public Safety Network System
Elizabeth Martinez,Travel Booking Platform
Elizabeth Martinez,Language Processing AI
Elizabeth Martinez,Mobile Payment Security
